{"cameraMode":{"drawMode":0,"name":"Shaded","section":"Shading Mode"},"sceneLighting":true,"audioPlay":false,"sceneViewState":{"m_AlwaysRefresh":false,"showFog":true,"showSkybox":true,"showFlares":true,"showImageEffects":true,"showParticleSystems":true,"showVisualEffectGraphs":true,"m_FxEnabled":true},"in2DMode":false,"pivot":{"x":-7.335163593292236,"y":10.068987846374512,"z":-7.74566650390625},"rotation":{"x":0.1142490804195404,"y":0.20381687581539155,"z":-0.023967992514371873,"w":0.9720519781112671},"size":20.030393600463868,"orthographic":true}