{"cameraMode":{"drawMode":0,"name":"Shaded","section":"Shading Mode"},"sceneLighting":false,"audioPlay":false,"sceneViewState":{"m_AlwaysRefresh":false,"showFog":true,"showSkybox":false,"showFlares":true,"showImageEffects":true,"showParticleSystems":true,"showVisualEffectGraphs":true,"m_FxEnabled":true},"in2DMode":false,"pivot":{"x":5.210000038146973,"y":7.269999980926514,"z":-0.3700000047683716},"rotation":{"x":0.1142490804195404,"y":0.20381687581539155,"z":-0.023967992514371873,"w":0.9720519781112671},"size":2.9592015743255617,"orthographic":true}